{
  "E1": {
    "ci_high": 0.00010472579214053338,
    "ci_low": 2.1536628578762742e-05,
    "mean": 6.372814704514032e-05
  },
  "E2": {
    "ci_high": -0.009333333333333334,
    "ci_low": -0.023766666666666665,
    "mean": -0.0166
  },
  "gates": {
    "E1_pass": true,
    "E2_pass": false,
    "overall_pass": false
  }
}
